Time_s,Speed_kmh,Load_N,TireTemp_C,SlipAngle_deg,Pressure_kPa,WearRate_mm_per_km
0,69.963209507789,4926.094938462863,36.187432130155955,1.6893506307216455,236.57909074507188,0.09258205196801653
1,116.05714451279329,3252.4198949851466,84.15317440077399,2.7859033903195862,192.20312343314092,0.18659755290180702
2,98.5595153449124,3484.8861422838413,60.315142346871426,1.7701048427674682,226.10306881334506,0.1432897178724886
3,87.89267873576293,5695.662565581238,79.5874479664645,0.8870253375705561,228.5372037106285,0.1662031346232763
4,52.48149123539492,4819.28717897877,49.20297606183671,1.206358711006008,213.93045370419088,0.10331185055238672
5,52.47956162689621,3027.591154849889,83.73139370977202,4.607787680327258,238.91553884997782,0.16221096122552503
6,44.64668897345596,3304.4146285980964,53.35210072404979,2.063337184057925,254.74936118152118,0.1070993437491436
7,109.29409166199481,4990.505307324167,30.6502590888179,3.6426986104807546,254.0454810325421,0.10829097958757956
8,88.0892009394567,3015.184751538656,84.32291858515582,5.034172708548569,216.06714971233058,0.17963301056940487
9,96.64580622368364,3482.424154252496,35.477200607168015,6.903948286293653,189.05904366726043,0.11155693362508684
10,41.646759543664196,4646.201368099759,49.15881825542489,0.39312139841098936,258.78729591698675,0.09553064843315061
11,117.59278817295954,5075.68559307808,87.0037180230483,7.994103989090426,247.11184691567473,0.20525136537615732
12,106.59541126403374,4955.883778507801,87.03642881625336,6.279003894909078,189.97301449626136,0.19692049533818806
13,56.987128854262096,3672.8079283816796,64.40627328739717,0.8175903194887191,253.66735060938979,0.123257161419203
14,54.54599737656805,5136.5376640426075,67.91023273018796,8.735786241067773,249.59170896497028,0.14399203481237802
15,54.6723607882747,3711.7472624904003,56.90673131869919,9.208724005318132,221.50704457008578,0.13256149891167462
16,64.33937943676301,3976.199094477803,47.592646301883875,0.6107795985486375,227.30203485959436,0.10407555151005787
17,81.98051453057903,5239.474215354072,49.71987272219496,2.7687764814720373,211.92021630961042,0.12234710124040062
18,74.55560149136926,4948.898697141643,70.35110736462231,8.062012797930613,184.3809311057625,0.15899474630103663
19,63.298331215843355,5547.670231482534,75.1424717662608,7.482596903836583,206.81577933167208,0.1593973541787689
20,88.94823157779035,4972.83867690103,77.4947426235509,1.8452101935637732,244.2282758878409,0.16582124311926866
21,51.15950885216335,4704.925810006414,77.37708856767324,2.093493233367103,180.37056184036823,0.14476879753616997
22,63.37157188281745,3281.0243034842774,35.47236618292142,3.70472102791382,206.67993373529154,0.0918268866466634
23,69.30894746349534,4103.1474091783,59.66521828215489,4.845229851910213,211.85349548727547,0.13245432654024564
24,76.48559873736288,3795.6071030451762,33.45352560099866,6.1825477153029595,222.99164823503384,0.099273939690954
25,102.81407691144109,3731.968930137251,62.97173293942413,3.689136395697724,253.58844931302085,0.15171544949385193
26,55.97390257266878,5919.031664257336,56.49183008240262,4.625347161331479,207.7076795492769,0.1225337063387517
27,81.13875507308893,4179.293174000281,83.26225096549798,7.474709381337565,207.7562561516982,0.17904641340712615
28,87.39316550896339,5676.13966553134,51.05490075312472,0.366832028905979,239.00009984877988,0.12331495129399694
29,43.71603301759982,4893.415877991789,37.02402098565635,2.5243694434402073,216.17743527118458,0.0803921775509539
30,88.60358815211507,5384.433910624945,38.57950092317015,7.133495858845524,197.96838583519855,0.116095876976687
31,53.64192989498332,4507.911279315576,75.69063790304833,8.952068376871994,216.1951612906155,0.15700440853272954
32,45.20412743882236,4730.711653879078,67.09308379897567,5.116774421156661,191.268561630384,0.13625825903201613
33,115.91084298026666,4477.553081456592,36.067360567367416,5.321134852653157,194.11095892049786,0.1228822198525869
34,117.25056264596475,3585.7289633941336,35.04640836689985,1.0717201133977605,219.8694218191584,0.11471878649352991
35,104.67178784931689,5167.356345784516,72.0581478875472,4.474123668234546,213.51403596036383,0.16624233696242682
36,64.36910153386965,3842.317087322567,34.365780381851614,5.326172664550231,253.187672085448,0.09404686095006443
37,47.81376912051071,3072.9478992943614,79.31160355742136,2.4247050363472966,208.99151192933064,0.14875291383468253
38,94.73864212097254,4936.416887721503,72.37453362938977,2.6924323094938094,226.44706802224349,0.1611499026242479
39,75.21219949916811,3531.332038221147,34.880926838513986,3.7728416310462265,230.58114303356243,0.09881888448677603
40,49.76305878758231,5821.375753058743,35.09026284511152,0.20071197777726368,181.0475565270667,0.07718180299051332
41,79.61415280890162,5861.785731007762,89.19837471007052,3.220791655831783,233.08298976133685,0.18275878846280294
42,42.75108168921747,5744.5931706613455,52.45624774536722,2.1144800699654462,194.2428773495801,0.10905610378223071
43,112.74563216630257,4110.476100766333,52.23852882401346,3.2749735217791462,256.8856253975564,0.1397329370688999
44,60.70239852800135,3046.3698495866024,78.76797403545015,1.1976213181925122,191.89301822024905,0.14938616471987337
45,93.00178274831856,5784.955687763177,86.83491464303152,8.90527280739895,213.1699298981619,0.19750070517488352
46,64.93688608715289,4284.5524449519435,89.16006382937226,5.935924535540487,186.8279734462915,0.18103027409609246
47,81.60544169422487,5899.964457131009,75.2026911155365,6.791023191444896,259.7499401476758,0.16583507366495834
48,83.73682234746238,5890.859931267758,52.57557513185495,7.891712386073383,220.17560082649942,0.135680678182237
49,54.788356442042165,5559.028366402081,35.010043001920124,4.984421989290572,227.6308013856035,0.0891611795835972
50,117.56677022116469,3883.3466762087573,76.6288149556462,0.8692028808742369,185.3661181910742,0.1724581873410656
51,102.01062586888916,4155.2931858057755,63.504254984148304,5.371065418185478,239.99683763193423,0.15449313560875583
52,115.15991532513513,5553.410014550571,55.453320554818575,5.868411180208791,196.79244744764685,0.15058016274649288
53,111.5861880342119,3950.766015468833,84.38126310568416,7.4543947418433,251.8443431552571,0.1949086580885091
54,87.83199830488681,3508.4782400582776,36.67184893836908,4.316595462296794,196.41117123856057,0.10696884781192605
55,113.74993880184934,4670.40378737505,59.55750625745155,1.2758030279556376,195.25501765309332,0.14907034530307406
56,47.07940016415356,5808.464322482343,30.681218686045145,2.8377590579872445,182.92397342784759,0.07861719472206907
57,55.67862899353162,5088.089390024919,58.11963851964758,3.630822963986351,217.76535560879995,0.12006801409486938
58,43.61818311284304,4710.183510268095,33.37819654091024,6.459172413316012,225.1872906610093,0.08637493271916442
59,66.02642646106115,3291.5294813123055,37.12907497608431,5.707783046689119,185.2566911542682,0.09919981941474382
60,71.09418317515856,4845.0216800975095,37.05157480662629,3.5609672589784624,242.04220933560083,0.09766462972551522
61,61.70792254191167,5970.1615503127905,68.95261812696381,9.865152487929796,216.26310677984222,0.15542377603244945
62,106.29900073215435,3420.252045709572,74.7626927559254,6.057748193568871,221.9512215462064,0.17441405768532164
63,68.54026613548714,4554.98895709121,65.00212590582959,2.372267917359945,215.26101975505824,0.13692708578266286
64,62.47476077499046,5632.119215783867,87.73035290847253,1.0178247262040374,212.06104487002608,0.16519461102481314
65,83.41568665265987,5222.305853262613,52.49223477142225,1.5285913918433203,224.77122650465742,0.12425680273910776
66,51.27393799798101,5091.047222985804,47.14272517691164,2.459577283845081,192.419219674457,0.10183650902936384
67,104.17575846032318,5107.452251961327,82.11594769136761,1.6068137325955567,194.55425043962168,0.18336183018429733
68,45.964051494381664,4078.4734536592655,43.41575031116716,1.8656702405130576,248.94284968108138,0.08979351096511418
69,118.95095492804138,3880.77553279348,87.79335236643668,2.850951686938471,255.68923697069062,0.19492413424162155
70,101.77958154373259,5428.083466435541,30.72926848138898,1.7337359529475482,209.86474530238024,0.09915439142450695
71,55.89725452273379,5430.340184037543,88.19272960245834,8.967654246264251,201.6595738514843,0.1770779013836618
72,40.44176936988819,5601.216955740311,32.589594717034565,0.8023374566164221,231.51996345912124,0.06926338279816488
73,105.23691427638673,5739.721657669414,83.46858682188426,5.245113895702547,212.69873368784772,0.19070992485243798
74,96.54858750780937,4534.027196582813,61.66206654517799,4.103968269896615,182.0309084528276,0.15172029949879684
75,98.32057344327899,4504.548884061599,89.57788776715802,9.823786169086064,192.49220778929524,0.2018446251259538
76,101.70162773487566,5394.885536900325,34.42779388412393,1.1203890216805235,237.2777783077918,0.10278881502538406
77,45.92357213872723,4949.891792333296,63.231257064079244,3.9785559904574166,232.7139153528121,0.1263318709740476
78,68.67725828354182,5105.90063177311,88.15815213714595,9.69470433275369,182.16767940027867,0.18493524867876499
79,49.26952476201038,5387.378008308304,61.38587065020893,8.655071258939802,197.75777295463595,0.1353237257285646
80,109.04827407004748,5670.016025452699,67.76391828811575,8.1707207094928,198.48598372704572,0.17303041886570503
81,89.86385014620464,4013.9854705546077,71.74492133907702,2.579028270449398,233.75141948789826,0.1540100596778854
82,66.47184198821193,4126.7488579198325,57.27246388606639,1.7088758739006582,181.57684302034914,0.12544278888688015
83,45.08466802288189,3281.945819522607,67.6534848050438,6.68643219924431,188.3286865587659,0.14046513521707296
84,64.87858573725298,4734.840422988522,65.05885871538601,9.293759891275858,243.99328682985515,0.14685802917554616
85,66.01466576213977,3107.826821390226,84.06948062945935,5.567628930139298,194.2835729643467,0.16884948802836783
86,98.36849426704512,4396.79405439738,32.72678282048747,5.7161268946989985,232.21968862814998,0.10973968664239558
87,91.00459770841705,4627.93390412273,46.85779137553382,2.7997909366028417,199.05462248373811,0.1218534245620559
88,110.97701940610612,3859.623756384853,87.02468904459352,7.694929331919369,187.95531142074762,0.20238673511467722
89,77.77719401295595,4772.4997817070325,83.41582703345497,1.8704374855752337,199.45377527995632,0.17160974133761606
90,49.56753967506414,3091.500749817148,57.33940516714277,3.2367923640424365,237.78135454845273,0.11593776724990054
91,97.0595829778396,3112.044566247643,67.2079558680922,4.254364386164168,248.45571744850287,0.15519982720459582
92,100.8628038893518,5467.801681978975,46.64287097886796,5.07610378684455,246.41758916535935,0.1274582773219087
93,84.9021758055597,4080.5719242337886,41.28726958342568,2.4240973241508024,211.77468236947638,0.10729830096465046
94,101.67737439636488,3381.181537955654,57.82190429639893,1.1483682473920354,233.44681092565168,0.1389488061657988
95,79.50364770915127,4566.729780164413,51.20113368156317,6.1062004244163255,196.39874363326567,0.13215386993777178
96,81.81862635055953,5309.980659295832,65.01936671105233,2.8863055324025577,203.45181842088107,0.14314113135901274
97,74.20328146868397,3647.4630824905294,34.66407821789909,5.812382214226123,251.7068654816896,0.10025068239381431
98,42.03353013952761,4868.671427457,88.46368845996999,1.5436271527420231,181.0401538808589,0.15677898647024757
99,48.63131415946435,3256.042394981304,89.17264466877617,4.811401018548175,186.84068246835744,0.16955629992563648
100,42.51433485493874,3155.045163505823,71.88970284118471,5.325894325515859,196.63090041168218,0.1441708415377837
101,90.91283290110243,4594.0638947044445,62.165781980647225,0.5182353682242691,182.12257630990558,0.13860106117006205
102,65.14847848610614,4621.90536483032,48.571656977179664,3.366042781939206,194.51483480718377,0.11101538431865617
103,80.68565529317623,4912.289704494619,78.82770118241692,1.3441467693897424,226.64332487757537,0.1630215350254589
104,112.60531791408744,5178.274001167985,71.08387035323275,0.6337497047276774,213.71396404739983,0.16540351736357206
105,59.94337833191,5927.556238387604,39.75701636069348,9.899602323899453,251.413736886158,0.11286678998269319
106,72.83063384285038,4548.901044903586,84.65563106963054,3.2235384497472297,245.3954849390753,0.1704152032299759
107,100.4440910834439,3968.8694188237378,79.35223457539014,8.09874445854635,207.3453881358301,0.18426119986088624
108,58.3038532393298,5385.558584306111,86.98799479751544,2.5464065476376385,200.7538746745034,0.16591767815049374
109,46.15839278630344,3812.4967537862226,73.5431705033016,6.8150272222392925,210.37539265338137,0.14870215963865732
110,63.180116233101444,4316.9142621169085,66.80491175614739,7.6022785988968655,227.2235954011846,0.14812023282638584
111,52.897702980320354,3235.369144026798,55.09458217743713,5.956387406078443,201.44509126583011,0.12137709764376876
112,114.37581218740584,3076.0522302463723,85.9637090012408,4.715761885501584,229.93191262793073,0.19678170311379609
113,104.64963036515336,5887.945244033775,81.9638333700245,4.118409141472686,212.75293217529924,0.1859103348172579
114,90.67230052083389,5507.940361536617,32.713120206371364,3.4886826654299528,224.1637744681584,0.10400658579562466
115,109.71684721501742,5087.922618281094,31.58201846983512,9.29529144247826,214.89012233082533,0.12192670977923493
116,104.29376615192916,4226.85883324281,52.58780201268297,8.306194077877292,203.5572607633534,0.14694633765397594
117,54.925604710882865,3519.8829602125375,78.63319984690997,9.650269106665126,255.87626455697253,0.16401552248361126
118,111.40471987919823,3469.311128013258,89.23656775889667,1.2429722348554473,241.08846353278085,0.19356825961081345
119,83.14737935325206,3750.728694493786,39.02501346621169,7.308674752036443,191.2090540613162,0.11269023421389958
120,104.595212413125,4647.679994118362,65.6478429211281,9.383404568210379,249.47743807183303,0.16967201083608205
121,111.68730399387945,5143.787768100186,52.85345139786129,1.8123306616566015,218.9944958599611,0.1377529931559405
122,65.4402779977491,4980.5921301531935,88.19486386887618,0.664962673667775,251.5641781515273,0.16588151400922777
123,48.804153962214144,3839.8016908378286,80.52713538814251,7.4112064929005905,243.98842047578523,0.16177212991778167
124,58.234813003355335,5864.595841989582,80.29972228266827,5.744731131799119,214.01708035753867,0.1614858924350547
125,74.16862309010051,5213.690750087306,58.12158958769822,8.41828776758272,181.7975446656094,0.14130587142577664
126,105.44118127379944,4663.062157534202,54.88917014025991,1.397723766262895,201.49418875079567,0.13491704623510944
127,108.85844666050747,4835.162238703057,46.40442431584238,7.952673118598902,223.33073717286936,0.1410976159474975
128,40.55617044249526,4258.80018728337,33.382529799055625,2.0162732004774453,230.67825758609177,0.07510760867856439
129,80.85978420620526,3743.1929685034725,81.8833425753032,1.636559428657045,200.63101483465618,0.17037244404185622
130,73.39288025190231,4067.918035953785,78.77406054780465,1.6426579793099294,191.14848592582592,0.15721847795975152
131,57.76862483765842,5273.538331393107,89.98306039716783,8.14574720231382,246.79441894394392,0.18019640422240288
132,49.589229386694626,3043.1804658892675,89.79821022443431,6.651972206962001,258.75217445628414,0.17213757855546083
133,67.00921371229023,3348.217921520749,63.32590233615765,5.230654247691193,222.05521458421487,0.14133769907507343
134,115.43277631300154,3138.0079260652583,76.13924491083063,3.5883048412350247,193.73434286786429,0.17830280177531954
135,65.85623456166041,3122.1864069569106,86.68594379294568,8.772005408131083,201.78458612154952,0.18038146607116623
136,81.50324973946928,5566.381752033021,80.97884344064468,3.924451074226354,181.47125412379734,0.17150272969120697
137,96.24151671161422,5110.9735781400705,44.84088610459186,8.16599439471577,253.1439045248399,0.13159543538568247
138,69.09036819034353,4422.521487261975,57.03264811860561,4.391349085702184,189.4200866312113,0.12779538296851237
139,117.74256661767686,3293.5024819530045,37.7495649090897,3.769444294249076,226.12131804114028,0.12260177944702452
140,116.99578359536889,4474.847625350497,87.24306163552333,4.626797856696064,201.92441765497648,0.20049040241044647
141,60.14258366602913,4420.415312341697,66.3704780670528,3.0137787416414206,224.33424020126347,0.13313298649014688
142,79.77988047139084,3519.6056097300457,43.71856833020776,7.476093801762511,232.11363106814915,0.11988489231719965
143,64.07026478534158,4301.554947713919,70.30204106435141,5.027203900924792,246.37934429657614,0.14546179189111072
144,62.78723955019741,4195.5142031921205,67.08769442747375,2.322126951468173,196.51370174084826,0.13874605322412623
145,42.95095578836262,4847.550294156649,51.48976308197043,8.995745732745684,180.87966629267845,0.11366246793096635
146,88.76514671839175,4905.280952602931,36.81345553197774,3.8389122137321143,190.95085040550458,0.10610671487262037
147,80.21432185830892,3135.9120293161336,70.29439173556798,5.435528611139886,252.0014913478484,0.1560989911829273
148,44.118300099999146,4123.837843879413,61.2184620542276,9.06472110964547,249.91120620500124,0.1343851951126244
149,62.29171713892892,4877.579747142709,76.33910350413836,6.242379959139921,227.79304817362467,0.1576487027605597
150,112.6612708773323,4509.408775740263,61.209810066719605,1.1689804070836407,228.04134883469226,0.148901404141571
151,59.16495125335779,5569.469523564967,81.1308900191124,9.398321236134752,233.20293396370045,0.17364298465185807
152,51.59158976729785,4976.080894856836,63.114410326469134,6.277080530714178,194.02970228987596,0.13006613028408653
153,79.15622082220504,3488.803281244289,63.656278292123176,3.3490561465708613,253.1529556739968,0.13638444556817014
154,118.85203632884806,3211.7062422012896,82.5992161595007,1.3927207266338726,213.50164199136586,0.18624581149377895
155,59.364421720920035,4927.257834618947,54.208971972743825,7.9402518927029595,210.6510822599598,0.1256650328485825
156,93.77084379247029,3079.5339316248655,38.04091370703844,6.200727559285135,221.51341642262702,0.11345753478920809
157,100.9295692262974,4757.32674382039,31.726960578800337,5.334610919763215,183.75727734200441,0.11009830001988442
158,59.01100351939198,5820.690724274873,75.30823534041714,8.938925830509577,193.30266950048636,0.1610330937201618
159,98.25730788894876,4726.422533627637,67.21857308120788,7.885972112245307,239.04268931410962,0.16410588577487878
160,69.42265061754026,4164.509778619566,72.24478608595342,1.5167487973275118,186.6238934340101,0.14330775502112728
161,90.58446644748636,4929.864655327059,42.777849690534644,3.1172206779554825,228.25216875731104,0.11709130581855604
162,90.68237686087159,4374.75867147455,38.18228853520618,2.4848913981446574,199.62792877450568,0.10860021055669802
163,82.86197472598067,4636.850367947805,30.872679940072917,7.43946292572677,211.14364912335813,0.10212248731439197
164,47.22318160435266,5824.394426329576,51.03525352839582,0.3353243473577938,203.095498941656,0.1046509481179466
165,106.82419964713904,4158.307913402323,65.39506121127798,5.698896848713165,208.45381731719593,0.16034217764074363
166,65.66240519773886,5883.571691471743,53.53464270598394,7.624586857406905,237.52367241473962,0.1251961721589333
167,54.92148083198834,5716.051925868191,56.248495321423746,8.767656367617494,203.76973724985402,0.1280696376733639
168,43.26201132438111,3587.373404367889,84.2495216696249,3.4208174871590744,225.31237122375177,0.1540294641597554
169,87.27143545505935,3208.083902625496,50.89532802139802,8.212573046720129,218.08403217592797,0.13610828766509256
170,94.2051489473826,3302.33400413228,60.83936934958865,1.1063173695520723,233.09369322901185,0.13921774177687332
171,41.32702631422849,3054.665476954649,77.01918076446859,8.464522917345182,254.94637914598064,0.15270226954145463
172,80.96744466394247,3283.328882267785,53.79256693927621,1.2748866233198242,238.60576777682002,0.12029541966161009
173,58.11966201583503,5049.02032024907,67.32520201367241,3.9728729056036727,197.19523028726053,0.14081805330155664
174,91.61382323275599,3213.565945380687,81.74182252480472,7.972953657795536,182.49465080490276,0.183705362939566
175,53.94931432039932,3956.9268908812837,86.97123741945853,1.4991742734877378,200.981123543986,0.16224368257845168
176,95.27501904819728,5534.625932908364,38.82440885574228,2.2925139523264146,227.6062344560204,0.11098413930934464
177,70.93882770404299,3069.8158072074775,85.59525750968967,7.222525683930662,184.11406507874003,0.17866889014425724
178,114.93839909893876,5443.405447766807,59.52697758477229,7.200365365460744,219.7092997760989,0.16217527845413496
179,51.00167553167946,3845.5643243202,45.4946632979375,6.411476328852973,227.74742791335115,0.10679289236447581
180,67.28530808402068,3354.4944828649686,57.54814537429568,6.939484444671001,206.73951126535687,0.13448171876726758
181,49.07788169924713,5090.211496092452,88.80195451712862,5.427244433475962,241.67297629966575,0.1708483461909637
182,113.97548946228503,4886.828540339652,59.55708563957218,2.5179905890695276,188.52786025070174,0.15171022238813908
183,110.18714827047847,5632.416040581159,49.72509661725049,3.4569599350391944,186.0110225388647,0.13821478307823382
184,60.63533021721245,5205.213131411658,68.00405125900355,1.8159771680142567,238.25510049628826,0.1354317480800188
185,92.79872368273432,5410.442791154546,44.408737126691584,9.084505613336283,219.63930529649588,0.13392773158395044
186,105.37777601609727,3846.1037177139197,34.551799686519836,5.833917947661204,235.0721917142189,0.11410489241063268
187,84.416064927957,3532.3186313391684,37.73278331463895,4.008514167636399,214.7861870882997,0.1097675227297267
188,82.37204626848052,5251.844254922575,37.682750337466345,4.620058036441327,199.71216265912855,0.1068478047872375
189,59.34818327203614,5420.504217801792,39.11416161073766,9.472833396118153,245.52818541393597,0.10409137642215384
190,47.44822142447194,5971.51542600202,38.32963035896461,1.533514031160802,243.95327031751833,0.08438162160808653
191,111.77726063626613,4237.853030734279,68.45248468819287,5.862298320167972,235.57571766835414,0.168316600843682
192,112.03344457306643,4116.05425737835,40.91280506394869,5.05888678884466,201.771610978397,0.12880563394750935
193,90.64811658186144,5329.238882225991,50.740036999431794,6.1145423543464785,227.21845334952695,0.13213897457803817
194,67.12238328389606,4022.4106207590535,83.80730459436072,0.18110183820840509,208.87791175520215,0.15827768523566244
195,67.93676596901287,5792.2719768106945,58.437698415772346,8.721239089441514,187.32656586613072,0.1355273963912711
196,98.07645430961915,5575.238255529035,70.05346431126162,9.321182824836123,253.38508603697943,0.17150166742123898
197,111.76882079620617,4286.982082125055,40.33919227209779,5.65133183589209,190.9454904735169,0.12260663452562541
198,110.96691394120938,5252.6132033744925,41.53734112852025,6.966508238768922,256.0189883056642,0.1280823115485185
199,102.3900436686099,5263.6286222540475,32.45211697598873,9.224993811772958,215.68046183663645,0.1196976591261057
